,pais,ano,quantidade_de_vinho_exportada_em_kg,valor_vendido_em_vinho_em_usd,codigo_pais
0,Alemanha,2004,13589.0,28140,DEU
1,Angola,2004,37573.0,50382,AGO
2,Anguilla,2004,0.0,0,AIA
3,Antígua e Barbuda,2004,0.0,0,ATG
4,Argentina,2004,0.0,0,ARG
5,Aruba,2004,0.0,0,ABW
6,Austrália,2004,0.0,0,AUS
7,Bahamas,2004,0.0,0,BHS
8,Bahrein,2004,0.0,0,BHR
9,Barbados,2004,0.0,0,BRB
10,Belize,2004,0.0,0,BLZ
11,Benin,2004,0.0,0,BEN
12,Bolívia,2004,18536.0,10655,BOL
13,Bulgária,2004,0.0,0,BGR
14,Bélgica,2004,0.0,0,BEL
15,Cabo Verde,2004,0.0,0,CPV
16,Camarões,2004,0.0,0,CMR
17,Canadá,2004,675.0,3138,CAN
18,Chile,2004,0.0,0,CHL
19,China,2004,404.0,1118,CHN
20,Chipre,2004,0.0,0,CYP
21,Colômbia,2004,280.0,595,COL
22,Congo,2004,0.0,0,COG
23,Coreia do Sul,2004,0.0,0,KOR
24,Costa Rica,2004,0.0,0,CRI
25,Costa do Marfim,2004,0.0,0,CIV
26,Cuba,2004,0.0,0,CUB
27,Curaçao,2004,0.0,0,CUW
28,Dinamarca,2004,3780.0,11088,DNK
29,El Salvador,2004,0.0,0,SLV
30,Emirados Árabes,2004,0.0,0,ARE
31,Equador,2004,0.0,0,ECU
32,Eslováquia,2004,0.0,0,SVK
33,Espanha,2004,0.0,0,ESP
34,Estados Unidos,2004,98265.0,293491,USA
35,Estônia,2004,0.0,0,EST
36,Filipinas,2004,0.0,0,PHL
37,Finlândia,2004,16335.0,32307,FIN
38,França,2004,1497.0,7788,FRA
39,Gana,2004,162.0,774,GHA
40,Gibraltar,2004,0.0,0,GIB
41,Grécia,2004,0.0,0,GRC
42,Guatemala,2004,0.0,0,GTM
43,Guiana,2004,0.0,0,GUY
44,Guiné Equatorial,2004,0.0,0,GNQ
45,Guiné-Bissau,2004,0.0,0,GNB
46,Haiti,2004,0.0,0,HTI
47,Holanda,2004,17688.0,29556,NLD
48,Honduras,2004,0.0,0,HND
49,Hong Kong,2004,0.0,0,HKG
50,Hungria,2004,0.0,0,HUN
51,Ilha de Man,2004,0.0,0,IMN
52,Ilhas Cayman,2004,0.0,0,CYM
53,Ilhas Marshall,2004,0.0,0,MHL
54,Ilhas Virgens Americanas,2004,0.0,0,VIR
55,Iraque,2004,0.0,0,IRQ
56,Irlanda,2004,0.0,0,IRL
57,Itália,2004,420.0,1217,ITA
58,Jamaica,2004,0.0,0,JAM
59,Japão,2004,426482.0,216282,JPN
60,Jordânia,2004,0.0,0,JOR
61,Letônia,2004,0.0,0,LVA
62,Libéria,2004,0.0,0,LBR
63,Luxemburgo,2004,4308.0,16804,LUX
64,Líbano,2004,0.0,0,LBN
65,Malta,2004,0.0,0,MLT
66,Malásia,2004,0.0,0,MYS
67,Montenegro,2004,0.0,0,MNE
68,México,2004,0.0,0,MEX
69,Namíbia,2004,0.0,0,NAM
70,Nicarágua,2004,0.0,0,NIC
71,Nigéria,2004,0.0,0,NGA
72,Noruega,2004,0.0,0,NOR
73,Nova Zelândia,2004,0.0,0,NZL
74,Panamá,2004,360.0,390,PAN
75,Paraguai,2004,2108658.0,760987,PRY
76,Peru,2004,0.0,0,PER
77,Polônia,2004,0.0,0,POL
78,Porto Rico,2004,0.0,0,PRI
79,Portugal,2004,16080.0,21864,PRT
80,Qatar,2004,0.0,0,QAT
81,Quênia,2004,212.0,431,KEN
82,Reino Unido,2004,0.0,0,GBR
83,República Dominicana,2004,0.0,0,DOM
84,República Tchéquia,2004,11855.0,64927,CZE
85,Rússia,2004,0.0,0,RUS
86,Senegal,2004,0.0,0,SEN
87,Serra Leoa,2004,0.0,0,SLE
88,Singapura,2004,31.0,369,SGP
89,Suriname,2004,12026.0,5423,SUR
90,Suécia,2004,4995.0,12880,SWE
91,Suíça,2004,5188.0,18199,CHE
92,São Tomé e Príncipe,2004,0.0,0,STP
93,Tailândia,2004,0.0,0,THA
94,Taiwan,2004,0.0,0,TWN
95,Tanzânia,2004,0.0,0,TZA
96,Togo,2004,0.0,0,TGO
97,Trinidade e Tobago,2004,0.0,0,TTO
98,Tunísia,2004,1300.0,1042,TUN
99,Turquia,2004,0.0,0,TUR
100,Uruguai,2004,1296.0,766,URY
101,Venezuela,2004,0.0,0,VEN
102,Vietnã,2004,0.0,0,VNM
103,África do Sul,2004,0.0,0,ZAF
104,Áustria,2004,0.0,0,AUT
105,Índia,2004,0.0,0,IND
106,Alemanha,2005,57393.0,106702,DEU
107,Angola,2005,24056.0,33039,AGO
108,Anguilla,2005,0.0,0,AIA
109,Antígua e Barbuda,2005,0.0,0,ATG
110,Argentina,2005,0.0,0,ARG
111,Aruba,2005,0.0,0,ABW
112,Austrália,2005,0.0,0,AUS
113,Bahamas,2005,0.0,0,BHS
114,Bahrein,2005,0.0,0,BHR
115,Barbados,2005,0.0,0,BRB
116,Belize,2005,0.0,0,BLZ
117,Benin,2005,0.0,0,BEN
118,Bolívia,2005,8306.0,4452,BOL
119,Bulgária,2005,0.0,0,BGR
120,Bélgica,2005,6750.0,28743,BEL
121,Cabo Verde,2005,0.0,0,CPV
122,Camarões,2005,0.0,0,CMR
123,Canadá,2005,117.0,801,CAN
124,Chile,2005,0.0,0,CHL
125,China,2005,0.0,0,CHN
126,Chipre,2005,0.0,0,CYP
127,Colômbia,2005,312.0,463,COL
128,Congo,2005,0.0,0,COG
129,Coreia do Sul,2005,0.0,0,KOR
130,Costa Rica,2005,0.0,0,CRI
131,Costa do Marfim,2005,0.0,0,CIV
132,Cuba,2005,0.0,0,CUB
133,Curaçao,2005,0.0,0,CUW
134,Dinamarca,2005,29172.0,29405,DNK
135,El Salvador,2005,0.0,0,SLV
136,Emirados Árabes,2005,0.0,0,ARE
137,Equador,2005,0.0,0,ECU
138,Eslováquia,2005,0.0,0,SVK
139,Espanha,2005,0.0,0,ESP
140,Estados Unidos,2005,338497.0,588568,USA
141,Estônia,2005,0.0,0,EST
142,Filipinas,2005,0.0,0,PHL
143,Finlândia,2005,16830.0,33286,FIN
144,França,2005,91166.0,240529,FRA
145,Gana,2005,95.0,525,GHA
146,Gibraltar,2005,0.0,0,GIB
147,Grécia,2005,0.0,0,GRC
148,Guatemala,2005,0.0,0,GTM
149,Guiana,2005,0.0,0,GUY
150,Guiné Equatorial,2005,0.0,0,GNQ
151,Guiné-Bissau,2005,13000.0,11182,GNB
152,Haiti,2005,0.0,0,HTI
153,Holanda,2005,21947.0,28591,NLD
154,Honduras,2005,0.0,0,HND
155,Hong Kong,2005,0.0,0,HKG
156,Hungria,2005,0.0,0,HUN
157,Ilha de Man,2005,0.0,0,IMN
158,Ilhas Cayman,2005,0.0,0,CYM
159,Ilhas Marshall,2005,0.0,0,MHL
160,Ilhas Virgens Americanas,2005,0.0,0,VIR
161,Iraque,2005,0.0,0,IRQ
162,Irlanda,2005,0.0,0,IRL
163,Itália,2005,54953.0,79397,ITA
164,Jamaica,2005,0.0,0,JAM
165,Japão,2005,561411.0,249932,JPN
166,Jordânia,2005,0.0,0,JOR
167,Letônia,2005,0.0,0,LVA
168,Libéria,2005,0.0,0,LBR
169,Luxemburgo,2005,5850.0,23842,LUX
170,Líbano,2005,0.0,0,LBN
171,Malta,2005,0.0,0,MLT
172,Malásia,2005,0.0,0,MYS
173,Montenegro,2005,0.0,0,MNE
174,México,2005,0.0,0,MEX
175,Namíbia,2005,0.0,0,NAM
176,Nicarágua,2005,0.0,0,NIC
177,Nigéria,2005,2025.0,2600,NGA
178,Noruega,2005,22361.0,42270,NOR
179,Nova Zelândia,2005,0.0,0,NZL
180,Panamá,2005,1125.0,1213,PAN
181,Paraguai,2005,1967909.0,714154,PRY
182,Peru,2005,0.0,0,PER
183,Polônia,2005,9909.0,10184,POL
184,Porto Rico,2005,0.0,0,PRI
185,Portugal,2005,17741.0,28733,PRT
186,Qatar,2005,0.0,0,QAT
187,Quênia,2005,7661.0,31314,KEN
188,Reino Unido,2005,6102.0,25225,GBR
189,República Dominicana,2005,50.0,1188,DOM
190,República Tchéquia,2005,65180.0,129082,CZE
191,Rússia,2005,177600.0,71988,RUS
192,Senegal,2005,0.0,0,SEN
193,Serra Leoa,2005,0.0,0,SLE
194,Singapura,2005,0.0,0,SGP
195,Suriname,2005,0.0,0,SUR
196,Suécia,2005,0.0,0,SWE
197,Suíça,2005,22217.0,48532,CHE
198,São Tomé e Príncipe,2005,0.0,0,STP
199,Tailândia,2005,0.0,0,THA
200,Taiwan,2005,0.0,0,TWN
201,Tanzânia,2005,0.0,0,TZA
202,Togo,2005,0.0,0,TGO
203,Trinidade e Tobago,2005,54.0,60,TTO
204,Tunísia,2005,0.0,0,TUN
205,Turquia,2005,0.0,0,TUR
206,Uruguai,2005,0.0,0,URY
207,Venezuela,2005,0.0,0,VEN
208,Vietnã,2005,0.0,0,VNM
209,África do Sul,2005,0.0,0,ZAF
210,Áustria,2005,0.0,0,AUT
211,Índia,2005,0.0,0,IND
212,Alemanha,2006,38302.0,89231,DEU
213,Angola,2006,3766.0,18293,AGO
214,Anguilla,2006,0.0,0,AIA
215,Antígua e Barbuda,2006,0.0,0,ATG
216,Argentina,2006,0.0,0,ARG
217,Aruba,2006,0.0,0,ABW
218,Austrália,2006,0.0,0,AUS
219,Bahamas,2006,0.0,0,BHS
220,Bahrein,2006,0.0,0,BHR
221,Barbados,2006,0.0,0,BRB
222,Belize,2006,0.0,0,BLZ
223,Benin,2006,10350.0,12075,BEN
224,Bolívia,2006,5822.0,6961,BOL
225,Bulgária,2006,0.0,0,BGR
226,Bélgica,2006,56571.0,52799,BEL
227,Cabo Verde,2006,0.0,0,CPV
228,Camarões,2006,0.0,0,CMR
229,Canadá,2006,450.0,2202,CAN
230,Chile,2006,1988.0,2893,CHL
231,China,2006,0.0,0,CHN
232,Chipre,2006,134.0,96,CYP
233,Colômbia,2006,0.0,0,COL
234,Congo,2006,0.0,0,COG
235,Coreia do Sul,2006,0.0,0,KOR
236,Costa Rica,2006,0.0,0,CRI
237,Costa do Marfim,2006,0.0,0,CIV
238,Cuba,2006,0.0,0,CUB
239,Curaçao,2006,0.0,0,CUW
240,Dinamarca,2006,2805.0,8417,DNK
241,El Salvador,2006,0.0,0,SLV
242,Emirados Árabes,2006,363.0,1446,ARE
243,Equador,2006,0.0,0,ECU
244,Eslováquia,2006,0.0,0,SVK
245,Espanha,2006,0.0,0,ESP
246,Estados Unidos,2006,392590.0,591729,USA
247,Estônia,2006,1974.0,4581,EST
248,Filipinas,2006,0.0,0,PHL
249,Finlândia,2006,11088.0,7920,FIN
250,França,2006,17010.0,34838,FRA
251,Gana,2006,0.0,0,GHA
252,Gibraltar,2006,0.0,0,GIB
253,Grécia,2006,142.0,1535,GRC
254,Guatemala,2006,0.0,0,GTM
255,Guiana,2006,0.0,0,GUY
256,Guiné Equatorial,2006,0.0,0,GNQ
257,Guiné-Bissau,2006,0.0,0,GNB
258,Haiti,2006,0.0,0,HTI
259,Holanda,2006,19567.0,26317,NLD
260,Honduras,2006,0.0,0,HND
261,Hong Kong,2006,0.0,0,HKG
262,Hungria,2006,0.0,0,HUN
263,Ilha de Man,2006,0.0,0,IMN
264,Ilhas Cayman,2006,0.0,0,CYM
265,Ilhas Marshall,2006,0.0,0,MHL
266,Ilhas Virgens Americanas,2006,0.0,0,VIR
267,Iraque,2006,0.0,0,IRQ
268,Irlanda,2006,0.0,0,IRL
269,Itália,2006,2709.0,5423,ITA
270,Jamaica,2006,0.0,0,JAM
271,Japão,2006,325031.0,240334,JPN
272,Jordânia,2006,0.0,0,JOR
273,Letônia,2006,0.0,0,LVA
274,Libéria,2006,0.0,0,LBR
275,Luxemburgo,2006,1220.0,5354,LUX
276,Líbano,2006,0.0,0,LBN
277,Malta,2006,0.0,0,MLT
278,Malásia,2006,0.0,0,MYS
279,Montenegro,2006,0.0,0,MNE
280,México,2006,0.0,0,MEX
281,Namíbia,2006,0.0,0,NAM
282,Nicarágua,2006,0.0,0,NIC
283,Nigéria,2006,0.0,0,NGA
284,Noruega,2006,0.0,0,NOR
285,Nova Zelândia,2006,0.0,0,NZL
286,Panamá,2006,13.0,55,PAN
287,Paraguai,2006,1947106.0,873636,PRY
288,Peru,2006,0.0,0,PER
289,Polônia,2006,0.0,0,POL
290,Porto Rico,2006,0.0,0,PRI
291,Portugal,2006,17732.0,13200,PRT
292,Qatar,2006,0.0,0,QAT
293,Quênia,2006,10600.0,15069,KEN
294,Reino Unido,2006,38281.0,49826,GBR
295,República Dominicana,2006,0.0,0,DOM
296,República Tchéquia,2006,24250.0,105576,CZE
297,Rússia,2006,334200.0,164744,RUS
298,Senegal,2006,0.0,0,SEN
299,Serra Leoa,2006,0.0,0,SLE
300,Singapura,2006,0.0,0,SGP
301,Suriname,2006,1000.0,2325,SUR
302,Suécia,2006,16120.0,12000,SWE
303,Suíça,2006,131073.0,305131,CHE
304,São Tomé e Príncipe,2006,0.0,0,STP
305,Tailândia,2006,0.0,0,THA
306,Taiwan,2006,0.0,0,TWN
307,Tanzânia,2006,0.0,0,TZA
308,Togo,2006,24.0,21,TGO
309,Trinidade e Tobago,2006,0.0,0,TTO
310,Tunísia,2006,0.0,0,TUN
311,Turquia,2006,0.0,0,TUR
312,Uruguai,2006,1008.0,1685,URY
313,Venezuela,2006,0.0,0,VEN
314,Vietnã,2006,2013.0,2362,VNM
315,África do Sul,2006,0.0,0,ZAF
316,Áustria,2006,0.0,0,AUT
317,Índia,2006,14.0,33,IND
318,Alemanha,2007,119512.0,238052,DEU
319,Angola,2007,25931.0,49753,AGO
320,Anguilla,2007,0.0,0,AIA
321,Antígua e Barbuda,2007,0.0,0,ATG
322,Argentina,2007,0.0,0,ARG
323,Aruba,2007,0.0,0,ABW
324,Austrália,2007,60.0,281,AUS
325,Bahamas,2007,0.0,0,BHS
326,Bahrein,2007,0.0,0,BHR
327,Barbados,2007,0.0,0,BRB
328,Belize,2007,0.0,0,BLZ
329,Benin,2007,0.0,0,BEN
330,Bolívia,2007,4985.0,3550,BOL
331,Bulgária,2007,0.0,0,BGR
332,Bélgica,2007,1077.0,3751,BEL
333,Cabo Verde,2007,0.0,0,CPV
334,Camarões,2007,0.0,0,CMR
335,Canadá,2007,4172.0,18838,CAN
336,Chile,2007,60930.0,67353,CHL
337,China,2007,7638.0,30390,CHN
338,Chipre,2007,0.0,0,CYP
339,Colômbia,2007,0.0,0,COL
340,Congo,2007,0.0,0,COG
341,Coreia do Sul,2007,1012.0,4650,KOR
342,Costa Rica,2007,0.0,0,CRI
343,Costa do Marfim,2007,0.0,0,CIV
344,Cuba,2007,2669.0,5118,CUB
345,Curaçao,2007,0.0,0,CUW
346,Dinamarca,2007,3480.0,11176,DNK
347,El Salvador,2007,0.0,0,SLV
348,Emirados Árabes,2007,0.0,0,ARE
349,Equador,2007,2700.0,3585,ECU
350,Eslováquia,2007,0.0,0,SVK
351,Espanha,2007,0.0,0,ESP
352,Estados Unidos,2007,479269.0,810038,USA
353,Estônia,2007,77697.0,54056,EST
354,Filipinas,2007,0.0,0,PHL
355,Finlândia,2007,0.0,0,FIN
356,França,2007,6349.0,11231,FRA
357,Gana,2007,0.0,0,GHA
358,Gibraltar,2007,0.0,0,GIB
359,Grécia,2007,0.0,0,GRC
360,Guatemala,2007,0.0,0,GTM
361,Guiana,2007,0.0,0,GUY
362,Guiné Equatorial,2007,0.0,0,GNQ
363,Guiné-Bissau,2007,0.0,0,GNB
364,Haiti,2007,0.0,0,HTI
365,Holanda,2007,198071.0,382700,NLD
366,Honduras,2007,0.0,0,HND
367,Hong Kong,2007,0.0,0,HKG
368,Hungria,2007,0.0,0,HUN
369,Ilha de Man,2007,0.0,0,IMN
370,Ilhas Cayman,2007,0.0,0,CYM
371,Ilhas Marshall,2007,0.0,0,MHL
372,Ilhas Virgens Americanas,2007,0.0,0,VIR
373,Iraque,2007,0.0,0,IRQ
374,Irlanda,2007,0.0,0,IRL
375,Itália,2007,7209.0,19860,ITA
376,Jamaica,2007,0.0,0,JAM
377,Japão,2007,357943.0,316867,JPN
378,Jordânia,2007,0.0,0,JOR
379,Letônia,2007,0.0,0,LVA
380,Libéria,2007,0.0,0,LBR
381,Luxemburgo,2007,785.0,2033,LUX
382,Líbano,2007,0.0,0,LBN
383,Malta,2007,0.0,0,MLT
384,Malásia,2007,0.0,0,MYS
385,Montenegro,2007,0.0,0,MNE
386,México,2007,2453.0,15425,MEX
387,Namíbia,2007,0.0,0,NAM
388,Nicarágua,2007,0.0,0,NIC
389,Nigéria,2007,0.0,0,NGA
390,Noruega,2007,10044.0,10044,NOR
391,Nova Zelândia,2007,0.0,0,NZL
392,Panamá,2007,810.0,1030,PAN
393,Paraguai,2007,1285459.0,801519,PRY
394,Peru,2007,0.0,0,PER
395,Polônia,2007,0.0,0,POL
396,Porto Rico,2007,0.0,0,PRI
397,Portugal,2007,109074.0,165282,PRT
398,Qatar,2007,0.0,0,QAT
399,Quênia,2007,10600.0,13860,KEN
400,Reino Unido,2007,84613.0,144244,GBR
401,República Dominicana,2007,601.0,2438,DOM
402,República Tchéquia,2007,85303.0,189620,CZE
403,Rússia,2007,266400.0,173160,RUS
404,Senegal,2007,0.0,0,SEN
405,Serra Leoa,2007,0.0,0,SLE
406,Singapura,2007,7270.0,17864,SGP
407,Suriname,2007,2700.0,4603,SUR
408,Suécia,2007,919.0,2448,SWE
409,Suíça,2007,26090.0,70716,CHE
410,São Tomé e Príncipe,2007,0.0,0,STP
411,Tailândia,2007,839.0,2020,THA
412,Taiwan,2007,6377.0,11214,TWN
413,Tanzânia,2007,0.0,0,TZA
414,Togo,2007,11.0,11,TGO
415,Trinidade e Tobago,2007,0.0,0,TTO
416,Tunísia,2007,0.0,0,TUN
417,Turquia,2007,0.0,0,TUR
418,Uruguai,2007,0.0,0,URY
419,Venezuela,2007,20700.0,27370,VEN
420,Vietnã,2007,0.0,0,VNM
421,África do Sul,2007,0.0,0,ZAF
422,Áustria,2007,0.0,0,AUT
423,Índia,2007,0.0,0,IND
424,Alemanha,2008,265742.0,429970,DEU
425,Angola,2008,25721.0,71083,AGO
426,Anguilla,2008,0.0,0,AIA
427,Antígua e Barbuda,2008,0.0,0,ATG
428,Argentina,2008,0.0,0,ARG
429,Aruba,2008,0.0,0,ABW
430,Austrália,2008,218726.0,99280,AUS
431,Bahamas,2008,0.0,0,BHS
432,Bahrein,2008,0.0,0,BHR
433,Barbados,2008,0.0,0,BRB
434,Belize,2008,0.0,0,BLZ
435,Benin,2008,10350.0,17423,BEN
436,Bolívia,2008,3979.0,3990,BOL
437,Bulgária,2008,0.0,0,BGR
438,Bélgica,2008,3523.0,12969,BEL
439,Cabo Verde,2008,0.0,0,CPV
440,Camarões,2008,0.0,0,CMR
441,Canadá,2008,20949.0,80476,CAN
442,Chile,2008,0.0,0,CHL
443,China,2008,8689.0,25926,CHN
444,Chipre,2008,0.0,0,CYP
445,Colômbia,2008,0.0,0,COL
446,Congo,2008,0.0,0,COG
447,Coreia do Sul,2008,3520.0,14366,KOR
448,Costa Rica,2008,55.0,200,CRI
449,Costa do Marfim,2008,0.0,0,CIV
450,Cuba,2008,0.0,0,CUB
451,Curaçao,2008,0.0,0,CUW
452,Dinamarca,2008,518.0,15905,DNK
453,El Salvador,2008,0.0,0,SLV
454,Emirados Árabes,2008,2437.0,12298,ARE
455,Equador,2008,0.0,0,ECU
456,Eslováquia,2008,585.0,16063,SVK
457,Espanha,2008,2942.0,6834,ESP
458,Estados Unidos,2008,443895.0,804607,USA
459,Estônia,2008,4114.0,9730,EST
460,Filipinas,2008,0.0,0,PHL
461,Finlândia,2008,0.0,0,FIN
462,França,2008,11078.0,27500,FRA
463,Gana,2008,18168.0,25642,GHA
464,Gibraltar,2008,0.0,0,GIB
465,Grécia,2008,0.0,0,GRC
466,Guatemala,2008,0.0,0,GTM
467,Guiana,2008,0.0,0,GUY
468,Guiné Equatorial,2008,548.0,1417,GNQ
469,Guiné-Bissau,2008,0.0,0,GNB
470,Haiti,2008,20.0,20,HTI
471,Holanda,2008,358350.0,806543,NLD
472,Honduras,2008,162.0,580,HND
473,Hong Kong,2008,2430.0,13460,HKG
474,Hungria,2008,0.0,0,HUN
475,Ilha de Man,2008,0.0,0,IMN
476,Ilhas Cayman,2008,0.0,0,CYM
477,Ilhas Marshall,2008,0.0,0,MHL
478,Ilhas Virgens Americanas,2008,0.0,0,VIR
479,Iraque,2008,0.0,0,IRQ
480,Irlanda,2008,0.0,0,IRL
481,Itália,2008,0.0,0,ITA
482,Jamaica,2008,0.0,0,JAM
483,Japão,2008,232293.0,178333,JPN
484,Jordânia,2008,0.0,0,JOR
485,Letônia,2008,0.0,0,LVA
486,Libéria,2008,0.0,0,LBR
487,Luxemburgo,2008,13606.0,42341,LUX
488,Líbano,2008,0.0,0,LBN
489,Malta,2008,0.0,0,MLT
490,Malásia,2008,0.0,0,MYS
491,Montenegro,2008,0.0,0,MNE
492,México,2008,0.0,0,MEX
493,Namíbia,2008,340.0,722,NAM
494,Nicarágua,2008,0.0,0,NIC
495,Nigéria,2008,7560.0,10920,NGA
496,Noruega,2008,0.0,0,NOR
497,Nova Zelândia,2008,0.0,0,NZL
498,Panamá,2008,1161.0,1882,PAN
499,Paraguai,2008,2191901.0,1374088,PRY
500,Peru,2008,0.0,0,PER
501,Polônia,2008,20290.0,58353,POL
502,Porto Rico,2008,0.0,0,PRI
503,Portugal,2008,49090.0,48942,PRT
504,Qatar,2008,0.0,0,QAT
505,Quênia,2008,0.0,0,KEN
506,Reino Unido,2008,100097.0,155076,GBR
507,República Dominicana,2008,0.0,0,DOM
508,República Tchéquia,2008,17135.0,64709,CZE
509,Rússia,2008,6207658.0,2352768,RUS
510,Senegal,2008,0.0,0,SEN
511,Serra Leoa,2008,0.0,0,SLE
512,Singapura,2008,1233.0,4699,SGP
513,Suriname,2008,900.0,1625,SUR
514,Suécia,2008,26984.0,84564,SWE
515,Suíça,2008,54384.0,216317,CHE
516,São Tomé e Príncipe,2008,0.0,0,STP
517,Tailândia,2008,0.0,0,THA
518,Taiwan,2008,10030.0,18679,TWN
519,Tanzânia,2008,0.0,0,TZA
520,Togo,2008,5160.0,7800,TGO
521,Trinidade e Tobago,2008,0.0,0,TTO
522,Tunísia,2008,0.0,0,TUN
523,Turquia,2008,0.0,0,TUR
524,Uruguai,2008,0.0,0,URY
525,Venezuela,2008,0.0,0,VEN
526,Vietnã,2008,0.0,0,VNM
527,África do Sul,2008,0.0,0,ZAF
528,Áustria,2008,0.0,0,AUT
529,Índia,2008,0.0,0,IND
530,Alemanha,2009,225086.0,393482,DEU
531,Angola,2009,54786.0,84235,AGO
532,Anguilla,2009,0.0,0,AIA
533,Antígua e Barbuda,2009,0.0,0,ATG
534,Argentina,2009,162.0,4523,ARG
535,Aruba,2009,0.0,0,ABW
536,Austrália,2009,1014.0,9195,AUS
537,Bahamas,2009,0.0,0,BHS
538,Bahrein,2009,0.0,0,BHR
539,Barbados,2009,0.0,0,BRB
540,Belize,2009,0.0,0,BLZ
541,Benin,2009,0.0,0,BEN
542,Bolívia,2009,40463.0,20729,BOL
543,Bulgária,2009,0.0,0,BGR
544,Bélgica,2009,125962.0,58764,BEL
545,Cabo Verde,2009,0.0,0,CPV
546,Camarões,2009,0.0,0,CMR
547,Canadá,2009,15664.0,73445,CAN
548,Chile,2009,1475.0,4297,CHL
549,China,2009,1553416.0,482400,CHN
550,Chipre,2009,0.0,0,CYP
551,Colômbia,2009,0.0,0,COL
552,Congo,2009,0.0,0,COG
553,Coreia do Sul,2009,0.0,0,KOR
554,Costa Rica,2009,0.0,0,CRI
555,Costa do Marfim,2009,0.0,0,CIV
556,Cuba,2009,0.0,0,CUB
557,Curaçao,2009,0.0,0,CUW
558,Dinamarca,2009,1980.0,21780,DNK
559,El Salvador,2009,55.0,100,SLV
560,Emirados Árabes,2009,1398.0,4032,ARE
561,Equador,2009,0.0,0,ECU
562,Eslováquia,2009,0.0,0,SVK
563,Espanha,2009,2181.0,4050,ESP
564,Estados Unidos,2009,372319.0,660066,USA
565,Estônia,2009,5438.0,10802,EST
566,Filipinas,2009,0.0,0,PHL
567,Finlândia,2009,0.0,0,FIN
568,França,2009,0.0,0,FRA
569,Gana,2009,0.0,0,GHA
570,Gibraltar,2009,0.0,0,GIB
571,Grécia,2009,0.0,0,GRC
572,Guatemala,2009,20.0,20,GTM
573,Guiana,2009,0.0,0,GUY
574,Guiné Equatorial,2009,169.0,272,GNQ
575,Guiné-Bissau,2009,0.0,0,GNB
576,Haiti,2009,4500.0,5863,HTI
577,Holanda,2009,179889.0,147642,NLD
578,Honduras,2009,14.0,30,HND
579,Hong Kong,2009,50319.0,27188,HKG
580,Hungria,2009,0.0,0,HUN
581,Ilha de Man,2009,0.0,0,IMN
582,Ilhas Cayman,2009,0.0,0,CYM
583,Ilhas Marshall,2009,0.0,0,MHL
584,Ilhas Virgens Americanas,2009,0.0,0,VIR
585,Iraque,2009,0.0,0,IRQ
586,Irlanda,2009,0.0,0,IRL
587,Itália,2009,1817.0,5251,ITA
588,Jamaica,2009,0.0,0,JAM
589,Japão,2009,217974.0,283436,JPN
590,Jordânia,2009,0.0,0,JOR
591,Letônia,2009,0.0,0,LVA
592,Libéria,2009,0.0,0,LBR
593,Luxemburgo,2009,7845.0,42124,LUX
594,Líbano,2009,0.0,0,LBN
595,Malta,2009,0.0,0,MLT
596,Malásia,2009,0.0,0,MYS
597,Montenegro,2009,0.0,0,MNE
598,México,2009,0.0,0,MEX
599,Namíbia,2009,0.0,0,NAM
600,Nicarágua,2009,24.0,24,NIC
601,Nigéria,2009,41.0,115,NGA
602,Noruega,2009,0.0,0,NOR
603,Nova Zelândia,2009,0.0,0,NZL
604,Panamá,2009,24.0,30,PAN
605,Paraguai,2009,486927.0,392087,PRY
606,Peru,2009,0.0,0,PER
607,Polônia,2009,6982.0,35797,POL
608,Porto Rico,2009,0.0,0,PRI
609,Portugal,2009,141000.0,168923,PRT
610,Qatar,2009,0.0,0,QAT
611,Quênia,2009,0.0,0,KEN
612,Reino Unido,2009,30092.0,68788,GBR
613,República Dominicana,2009,0.0,0,DOM
614,República Tchéquia,2009,9269.0,43902,CZE
615,Rússia,2009,21912914.0,5732280,RUS
616,Senegal,2009,0.0,0,SEN
617,Serra Leoa,2009,0.0,0,SLE
618,Singapura,2009,2419.0,6110,SGP
619,Suriname,2009,3830.0,12918,SUR
620,Suécia,2009,28334.0,52826,SWE
621,Suíça,2009,27653.0,81319,CHE
622,São Tomé e Príncipe,2009,0.0,0,STP
623,Tailândia,2009,0.0,0,THA
624,Taiwan,2009,0.0,0,TWN
625,Tanzânia,2009,0.0,0,TZA
626,Togo,2009,0.0,0,TGO
627,Trinidade e Tobago,2009,0.0,0,TTO
628,Tunísia,2009,0.0,0,TUN
629,Turquia,2009,0.0,0,TUR
630,Uruguai,2009,0.0,0,URY
631,Venezuela,2009,0.0,0,VEN
632,Vietnã,2009,743.0,2143,VNM
633,África do Sul,2009,0.0,0,ZAF
634,Áustria,2009,0.0,0,AUT
635,Índia,2009,0.0,0,IND
636,Alemanha,2010,27715.0,138666,DEU
637,Angola,2010,33557.0,189891,AGO
638,Anguilla,2010,0.0,0,AIA
639,Antígua e Barbuda,2010,0.0,0,ATG
640,Argentina,2010,0.0,0,ARG
641,Aruba,2010,0.0,0,ABW
642,Austrália,2010,1823.0,17960,AUS
643,Bahamas,2010,3175.0,12759,BHS
644,Bahrein,2010,0.0,0,BHR
645,Barbados,2010,0.0,0,BRB
646,Belize,2010,0.0,0,BLZ
647,Benin,2010,0.0,0,BEN
648,Bolívia,2010,54.0,282,BOL
649,Bulgária,2010,0.0,0,BGR
650,Bélgica,2010,42532.0,185411,BEL
651,Cabo Verde,2010,11991.0,49366,CPV
652,Camarões,2010,0.0,0,CMR
653,Canadá,2010,0.0,0,CAN
654,Chile,2010,0.0,0,CHL
655,China,2010,795.0,2358,CHN
656,Chipre,2010,0.0,0,CYP
657,Colômbia,2010,0.0,0,COL
658,Congo,2010,0.0,0,COG
659,Coreia do Sul,2010,0.0,0,KOR
660,Costa Rica,2010,0.0,0,CRI
661,Costa do Marfim,2010,0.0,0,CIV
662,Cuba,2010,0.0,0,CUB
663,Curaçao,2010,0.0,0,CUW
664,Dinamarca,2010,7034.0,69161,DNK
665,El Salvador,2010,0.0,0,SLV
666,Emirados Árabes,2010,1035.0,3206,ARE
667,Equador,2010,0.0,0,ECU
668,Eslováquia,2010,0.0,0,SVK
669,Espanha,2010,0.0,0,ESP
670,Estados Unidos,2010,228968.0,478630,USA
671,Estônia,2010,15848.0,40778,EST
672,Filipinas,2010,0.0,0,PHL
673,Finlândia,2010,0.0,0,FIN
674,França,2010,3614.0,18904,FRA
675,Gana,2010,0.0,0,GHA
676,Gibraltar,2010,0.0,0,GIB
677,Grécia,2010,0.0,0,GRC
678,Guatemala,2010,0.0,0,GTM
679,Guiana,2010,783.0,3654,GUY
680,Guiné Equatorial,2010,410.0,1015,GNQ
681,Guiné-Bissau,2010,0.0,0,GNB
682,Haiti,2010,2700.0,3750,HTI
683,Holanda,2010,97178.0,314990,NLD
684,Honduras,2010,0.0,0,HND
685,Hong Kong,2010,0.0,0,HKG
686,Hungria,2010,540.0,4103,HUN
687,Ilha de Man,2010,0.0,0,IMN
688,Ilhas Cayman,2010,0.0,0,CYM
689,Ilhas Marshall,2010,0.0,0,MHL
690,Ilhas Virgens Americanas,2010,0.0,0,VIR
691,Iraque,2010,0.0,0,IRQ
692,Irlanda,2010,3969.0,42795,IRL
693,Itália,2010,1458.0,4828,ITA
694,Jamaica,2010,0.0,0,JAM
695,Japão,2010,112178.0,74628,JPN
696,Jordânia,2010,0.0,0,JOR
697,Letônia,2010,0.0,0,LVA
698,Libéria,2010,0.0,0,LBR
699,Luxemburgo,2010,7344.0,32549,LUX
700,Líbano,2010,0.0,0,LBN
701,Malta,2010,0.0,0,MLT
702,Malásia,2010,0.0,0,MYS
703,Montenegro,2010,0.0,0,MNE
704,México,2010,0.0,0,MEX
705,Namíbia,2010,0.0,0,NAM
706,Nicarágua,2010,0.0,0,NIC
707,Nigéria,2010,0.0,0,NGA
708,Noruega,2010,0.0,0,NOR
709,Nova Zelândia,2010,0.0,0,NZL
710,Panamá,2010,0.0,0,PAN
711,Paraguai,2010,510989.0,449197,PRY
712,Peru,2010,0.0,0,PER
713,Polônia,2010,20464.0,95198,POL
714,Porto Rico,2010,0.0,0,PRI
715,Portugal,2010,4577.0,18970,PRT
716,Qatar,2010,0.0,0,QAT
717,Quênia,2010,0.0,0,KEN
718,Reino Unido,2010,123624.0,295690,GBR
719,República Dominicana,2010,0.0,0,DOM
720,República Tchéquia,2010,1091.0,5285,CZE
721,Rússia,2010,0.0,0,RUS
722,Senegal,2010,0.0,0,SEN
723,Serra Leoa,2010,0.0,0,SLE
724,Singapura,2010,1533.0,5504,SGP
725,Suriname,2010,1836.0,1269,SUR
726,Suécia,2010,0.0,0,SWE
727,Suíça,2010,2025.0,21600,CHE
728,São Tomé e Príncipe,2010,0.0,0,STP
729,Tailândia,2010,0.0,0,THA
730,Taiwan,2010,0.0,0,TWN
731,Tanzânia,2010,0.0,0,TZA
732,Togo,2010,0.0,0,TGO
733,Trinidade e Tobago,2010,0.0,0,TTO
734,Tunísia,2010,0.0,0,TUN
735,Turquia,2010,0.0,0,TUR
736,Uruguai,2010,914.0,2929,URY
737,Venezuela,2010,0.0,0,VEN
738,Vietnã,2010,8820.0,9977,VNM
739,África do Sul,2010,0.0,0,ZAF
740,Áustria,2010,0.0,0,AUT
741,Índia,2010,0.0,0,IND
742,Alemanha,2011,36070.0,144150,DEU
743,Angola,2011,13889.0,69001,AGO
744,Anguilla,2011,0.0,0,AIA
745,Antígua e Barbuda,2011,0.0,0,ATG
746,Argentina,2011,13253.0,55460,ARG
747,Aruba,2011,900.0,1680,ABW
748,Austrália,2011,3632.0,40704,AUS
749,Bahamas,2011,4529.0,28810,BHS
750,Bahrein,2011,0.0,0,BHR
751,Barbados,2011,0.0,0,BRB
752,Belize,2011,0.0,0,BLZ
753,Benin,2011,0.0,0,BEN
754,Bolívia,2011,12775.0,20215,BOL
755,Bulgária,2011,0.0,0,BGR
756,Bélgica,2011,11802.0,62339,BEL
757,Cabo Verde,2011,600.0,825,CPV
758,Camarões,2011,0.0,0,CMR
759,Canadá,2011,28906.0,128076,CAN
760,Chile,2011,0.0,0,CHL
761,China,2011,54156.0,334867,CHN
762,Chipre,2011,0.0,0,CYP
763,Colômbia,2011,0.0,0,COL
764,Congo,2011,360.0,570,COG
765,Coreia do Sul,2011,0.0,0,KOR
766,Costa Rica,2011,0.0,0,CRI
767,Costa do Marfim,2011,0.0,0,CIV
768,Cuba,2011,2880.0,4899,CUB
769,Curaçao,2011,0.0,0,CUW
770,Dinamarca,2011,32797.0,83057,DNK
771,El Salvador,2011,0.0,0,SLV
772,Emirados Árabes,2011,2120.0,6594,ARE
773,Equador,2011,0.0,0,ECU
774,Eslováquia,2011,0.0,0,SVK
775,Espanha,2011,5206.0,24618,ESP
776,Estados Unidos,2011,306787.0,1030254,USA
777,Estônia,2011,450.0,5336,EST
778,Filipinas,2011,0.0,0,PHL
779,Finlândia,2011,12404.0,50394,FIN
780,França,2011,0.0,0,FRA
781,Gana,2011,0.0,0,GHA
782,Gibraltar,2011,0.0,0,GIB
783,Grécia,2011,0.0,0,GRC
784,Guatemala,2011,0.0,0,GTM
785,Guiana,2011,0.0,0,GUY
786,Guiné Equatorial,2011,956.0,1979,GNQ
787,Guiné-Bissau,2011,0.0,0,GNB
788,Haiti,2011,0.0,0,HTI
789,Holanda,2011,132749.0,405544,NLD
790,Honduras,2011,0.0,0,HND
791,Hong Kong,2011,2063.0,7975,HKG
792,Hungria,2011,0.0,0,HUN
793,Ilha de Man,2011,0.0,0,IMN
794,Ilhas Cayman,2011,0.0,0,CYM
795,Ilhas Marshall,2011,0.0,0,MHL
796,Ilhas Virgens Americanas,2011,0.0,0,VIR
797,Iraque,2011,0.0,0,IRQ
798,Irlanda,2011,5376.0,35690,IRL
799,Itália,2011,11999.0,80298,ITA
800,Jamaica,2011,0.0,0,JAM
801,Japão,2011,100835.0,144662,JPN
802,Jordânia,2011,0.0,0,JOR
803,Letônia,2011,0.0,0,LVA
804,Libéria,2011,0.0,0,LBR
805,Luxemburgo,2011,9547.0,65592,LUX
806,Líbano,2011,0.0,0,LBN
807,Malta,2011,0.0,0,MLT
808,Malásia,2011,0.0,0,MYS
809,Montenegro,2011,0.0,0,MNE
810,México,2011,1350.0,7200,MEX
811,Namíbia,2011,0.0,0,NAM
812,Nicarágua,2011,0.0,0,NIC
813,Nigéria,2011,54.0,210,NGA
814,Noruega,2011,10268.0,78688,NOR
815,Nova Zelândia,2011,2587.0,7992,NZL
816,Panamá,2011,0.0,0,PAN
817,Paraguai,2011,240168.0,276281,PRY
818,Peru,2011,0.0,0,PER
819,Polônia,2011,11732.0,50684,POL
820,Porto Rico,2011,0.0,0,PRI
821,Portugal,2011,95.0,1031,PRT
822,Qatar,2011,0.0,0,QAT
823,Quênia,2011,0.0,0,KEN
824,Reino Unido,2011,122629.0,285642,GBR
825,República Dominicana,2011,0.0,0,DOM
826,República Tchéquia,2011,6846.0,37271,CZE
827,Rússia,2011,0.0,0,RUS
828,Senegal,2011,0.0,0,SEN
829,Serra Leoa,2011,0.0,0,SLE
830,Singapura,2011,911.0,3317,SGP
831,Suriname,2011,3774.0,3735,SUR
832,Suécia,2011,1641.0,14476,SWE
833,Suíça,2011,0.0,0,CHE
834,São Tomé e Príncipe,2011,0.0,0,STP
835,Tailândia,2011,0.0,0,THA
836,Taiwan,2011,4500.0,10600,TWN
837,Tanzânia,2011,0.0,0,TZA
838,Togo,2011,0.0,0,TGO
839,Trinidade e Tobago,2011,0.0,0,TTO
840,Tunísia,2011,0.0,0,TUN
841,Turquia,2011,0.0,0,TUR
842,Uruguai,2011,1238.0,4404,URY
843,Venezuela,2011,0.0,0,VEN
844,Vietnã,2011,0.0,0,VNM
845,África do Sul,2011,0.0,0,ZAF
846,Áustria,2011,0.0,0,AUT
847,Índia,2011,0.0,0,IND
848,Alemanha,2012,8189.0,56342,DEU
849,Angola,2012,2833.0,8861,AGO
850,Anguilla,2012,0.0,0,AIA
851,Antígua e Barbuda,2012,0.0,0,ATG
852,Argentina,2012,0.0,0,ARG
853,Aruba,2012,0.0,0,ABW
854,Austrália,2012,9345.0,56045,AUS
855,Bahamas,2012,1374.0,12087,BHS
856,Bahrein,2012,0.0,0,BHR
857,Barbados,2012,0.0,0,BRB
858,Belize,2012,0.0,0,BLZ
859,Benin,2012,0.0,0,BEN
860,Bolívia,2012,11868.0,16804,BOL
861,Bulgária,2012,0.0,0,BGR
862,Bélgica,2012,16132.0,90718,BEL
863,Cabo Verde,2012,0.0,0,CPV
864,Camarões,2012,0.0,0,CMR
865,Canadá,2012,14304.0,146035,CAN
866,Chile,2012,8550.0,15438,CHL
867,China,2012,87905.0,642177,CHN
868,Chipre,2012,0.0,0,CYP
869,Colômbia,2012,0.0,0,COL
870,Congo,2012,0.0,0,COG
871,Coreia do Sul,2012,0.0,0,KOR
872,Costa Rica,2012,0.0,0,CRI
873,Costa do Marfim,2012,0.0,0,CIV
874,Cuba,2012,0.0,0,CUB
875,Curaçao,2012,0.0,0,CUW
876,Dinamarca,2012,4716.0,23802,DNK
877,El Salvador,2012,0.0,0,SLV
878,Emirados Árabes,2012,675.0,3300,ARE
879,Equador,2012,0.0,0,ECU
880,Eslováquia,2012,0.0,0,SVK
881,Espanha,2012,0.0,0,ESP
882,Estados Unidos,2012,146585.0,303986,USA
883,Estônia,2012,3321.0,19384,EST
884,Filipinas,2012,0.0,0,PHL
885,Finlândia,2012,17100.0,67959,FIN
886,França,2012,195604.0,185791,FRA
887,Gana,2012,0.0,0,GHA
888,Gibraltar,2012,0.0,0,GIB
889,Grécia,2012,0.0,0,GRC
890,Guatemala,2012,0.0,0,GTM
891,Guiana,2012,0.0,0,GUY
892,Guiné Equatorial,2012,819.0,2530,GNQ
893,Guiné-Bissau,2012,0.0,0,GNB
894,Haiti,2012,0.0,0,HTI
895,Holanda,2012,144126.0,553722,NLD
896,Honduras,2012,0.0,0,HND
897,Hong Kong,2012,1609.0,7653,HKG
898,Hungria,2012,0.0,0,HUN
899,Ilha de Man,2012,0.0,0,IMN
900,Ilhas Cayman,2012,0.0,0,CYM
901,Ilhas Marshall,2012,0.0,0,MHL
902,Ilhas Virgens Americanas,2012,0.0,0,VIR
903,Iraque,2012,0.0,0,IRQ
904,Irlanda,2012,0.0,0,IRL
905,Itália,2012,792.0,5622,ITA
906,Jamaica,2012,0.0,0,JAM
907,Japão,2012,29281.0,116961,JPN
908,Jordânia,2012,0.0,0,JOR
909,Letônia,2012,0.0,0,LVA
910,Libéria,2012,0.0,0,LBR
911,Luxemburgo,2012,2444.0,16547,LUX
912,Líbano,2012,0.0,0,LBN
913,Malta,2012,0.0,0,MLT
914,Malásia,2012,0.0,0,MYS
915,Montenegro,2012,0.0,0,MNE
916,México,2012,0.0,0,MEX
917,Namíbia,2012,0.0,0,NAM
918,Nicarágua,2012,0.0,0,NIC
919,Nigéria,2012,6449.0,10196,NGA
920,Noruega,2012,5104.0,31515,NOR
921,Nova Zelândia,2012,2364.0,8817,NZL
922,Panamá,2012,39.0,2262,PAN
923,Paraguai,2012,354824.0,428279,PRY
924,Peru,2012,0.0,0,PER
925,Polônia,2012,21663.0,89158,POL
926,Porto Rico,2012,0.0,0,PRI
927,Portugal,2012,47172.0,47022,PRT
928,Qatar,2012,0.0,0,QAT
929,Quênia,2012,94.0,458,KEN
930,Reino Unido,2012,82937.0,334856,GBR
931,República Dominicana,2012,0.0,0,DOM
932,República Tchéquia,2012,7960.0,27789,CZE
933,Rússia,2012,4528176.0,2103968,RUS
934,Senegal,2012,0.0,0,SEN
935,Serra Leoa,2012,0.0,0,SLE
936,Singapura,2012,1212.0,5310,SGP
937,Suriname,2012,396.0,1288,SUR
938,Suécia,2012,2705.0,17280,SWE
939,Suíça,2012,4014.0,47240,CHE
940,São Tomé e Príncipe,2012,0.0,0,STP
941,Tailândia,2012,0.0,0,THA
942,Taiwan,2012,0.0,0,TWN
943,Tanzânia,2012,0.0,0,TZA
944,Togo,2012,0.0,0,TGO
945,Trinidade e Tobago,2012,531.0,2720,TTO
946,Tunísia,2012,0.0,0,TUN
947,Turquia,2012,0.0,0,TUR
948,Uruguai,2012,1135.0,3879,URY
949,Venezuela,2012,1029.0,7492,VEN
950,Vietnã,2012,0.0,0,VNM
951,África do Sul,2012,0.0,0,ZAF
952,Áustria,2012,0.0,0,AUT
953,Índia,2012,0.0,0,IND
954,Alemanha,2013,61699.0,265978,DEU
955,Angola,2013,1573.0,9300,AGO
956,Anguilla,2013,0.0,0,AIA
957,Antígua e Barbuda,2013,0.0,0,ATG
958,Argentina,2013,0.0,0,ARG
959,Aruba,2013,0.0,0,ABW
960,Austrália,2013,16707.0,101715,AUS
961,Bahamas,2013,581.0,5145,BHS
962,Bahrein,2013,0.0,0,BHR
963,Barbados,2013,0.0,0,BRB
964,Belize,2013,0.0,0,BLZ
965,Benin,2013,0.0,0,BEN
966,Bolívia,2013,19147.0,25998,BOL
967,Bulgária,2013,0.0,0,BGR
968,Bélgica,2013,22461.0,95893,BEL
969,Cabo Verde,2013,0.0,0,CPV
970,Camarões,2013,0.0,0,CMR
971,Canadá,2013,25329.0,174643,CAN
972,Chile,2013,0.0,0,CHL
973,China,2013,40929.0,279956,CHN
974,Chipre,2013,0.0,0,CYP
975,Colômbia,2013,8.0,30,COL
976,Congo,2013,0.0,0,COG
977,Coreia do Sul,2013,0.0,0,KOR
978,Costa Rica,2013,0.0,0,CRI
979,Costa do Marfim,2013,0.0,0,CIV
980,Cuba,2013,0.0,0,CUB
981,Curaçao,2013,0.0,0,CUW
982,Dinamarca,2013,17892.0,101915,DNK
983,El Salvador,2013,0.0,0,SLV
984,Emirados Árabes,2013,0.0,0,ARE
985,Equador,2013,0.0,0,ECU
986,Eslováquia,2013,0.0,0,SVK
987,Espanha,2013,1972980.0,3748940,ESP
988,Estados Unidos,2013,245368.0,786556,USA
989,Estônia,2013,0.0,0,EST
990,Filipinas,2013,0.0,0,PHL
991,Finlândia,2013,36682.0,283114,FIN
992,França,2013,6885.0,42256,FRA
993,Gana,2013,0.0,0,GHA
994,Gibraltar,2013,0.0,0,GIB
995,Grécia,2013,0.0,0,GRC
996,Guatemala,2013,0.0,0,GTM
997,Guiana,2013,0.0,0,GUY
998,Guiné Equatorial,2013,1108.0,5336,GNQ
999,Guiné-Bissau,2013,0.0,0,GNB
1000,Haiti,2013,0.0,0,HTI
1001,Holanda,2013,69073.0,275255,NLD
1002,Honduras,2013,0.0,0,HND
1003,Hong Kong,2013,16013.0,61224,HKG
1004,Hungria,2013,0.0,0,HUN
1005,Ilha de Man,2013,0.0,0,IMN
1006,Ilhas Cayman,2013,0.0,0,CYM
1007,Ilhas Marshall,2013,0.0,0,MHL
1008,Ilhas Virgens Americanas,2013,0.0,0,VIR
1009,Iraque,2013,0.0,0,IRQ
1010,Irlanda,2013,0.0,0,IRL
1011,Itália,2013,1710.0,11967,ITA
1012,Jamaica,2013,0.0,0,JAM
1013,Japão,2013,91988.0,429088,JPN
1014,Jordânia,2013,0.0,0,JOR
1015,Letônia,2013,0.0,0,LVA
1016,Libéria,2013,0.0,0,LBR
1017,Luxemburgo,2013,5135.0,29474,LUX
1018,Líbano,2013,0.0,0,LBN
1019,Malta,2013,0.0,0,MLT
1020,Malásia,2013,0.0,0,MYS
1021,Montenegro,2013,0.0,0,MNE
1022,México,2013,0.0,0,MEX
1023,Namíbia,2013,0.0,0,NAM
1024,Nicarágua,2013,0.0,0,NIC
1025,Nigéria,2013,1350.0,2245,NGA
1026,Noruega,2013,2375.0,19008,NOR
1027,Nova Zelândia,2013,1004.0,4092,NZL
1028,Panamá,2013,0.0,0,PAN
1029,Paraguai,2013,481564.0,680828,PRY
1030,Peru,2013,0.0,0,PER
1031,Polônia,2013,19249.0,90960,POL
1032,Porto Rico,2013,0.0,0,PRI
1033,Portugal,2013,23810.0,17627,PRT
1034,Qatar,2013,0.0,0,QAT
1035,Quênia,2013,6.0,4,KEN
1036,Reino Unido,2013,59161.0,305005,GBR
1037,República Dominicana,2013,0.0,0,DOM
1038,República Tchéquia,2013,3697.0,23549,CZE
1039,Rússia,2013,5893291.0,14795694,RUS
1040,Senegal,2013,0.0,0,SEN
1041,Serra Leoa,2013,0.0,0,SLE
1042,Singapura,2013,766.0,5779,SGP
1043,Suriname,2013,1800.0,2960,SUR
1044,Suécia,2013,3195.0,20183,SWE
1045,Suíça,2013,2997.0,29785,CHE
1046,São Tomé e Príncipe,2013,0.0,0,STP
1047,Tailândia,2013,0.0,0,THA
1048,Taiwan,2013,0.0,0,TWN
1049,Tanzânia,2013,0.0,0,TZA
1050,Togo,2013,0.0,0,TGO
1051,Trinidade e Tobago,2013,0.0,0,TTO
1052,Tunísia,2013,0.0,0,TUN
1053,Turquia,2013,0.0,0,TUR
1054,Uruguai,2013,1526.0,13343,URY
1055,Venezuela,2013,0.0,0,VEN
1056,Vietnã,2013,0.0,0,VNM
1057,África do Sul,2013,0.0,0,ZAF
1058,Áustria,2013,0.0,0,AUT
1059,Índia,2013,0.0,0,IND
1060,Alemanha,2014,213348.0,761653,DEU
1061,Angola,2014,12182.0,23124,AGO
1062,Anguilla,2014,0.0,0,AIA
1063,Antígua e Barbuda,2014,0.0,0,ATG
1064,Argentina,2014,20385.0,95130,ARG
1065,Aruba,2014,450.0,755,ABW
1066,Austrália,2014,6308.0,43709,AUS
1067,Bahamas,2014,0.0,0,BHS
1068,Bahrein,2014,0.0,0,BHR
1069,Barbados,2014,0.0,0,BRB
1070,Belize,2014,0.0,0,BLZ
1071,Benin,2014,0.0,0,BEN
1072,Bolívia,2014,12534.0,18303,BOL
1073,Bulgária,2014,0.0,0,BGR
1074,Bélgica,2014,151320.0,704093,BEL
1075,Cabo Verde,2014,0.0,0,CPV
1076,Camarões,2014,0.0,0,CMR
1077,Canadá,2014,35082.0,226875,CAN
1078,Chile,2014,0.0,0,CHL
1079,China,2014,64040.0,455340,CHN
1080,Chipre,2014,0.0,0,CYP
1081,Colômbia,2014,0.0,0,COL
1082,Congo,2014,0.0,0,COG
1083,Coreia do Sul,2014,0.0,0,KOR
1084,Costa Rica,2014,0.0,0,CRI
1085,Costa do Marfim,2014,0.0,0,CIV
1086,Cuba,2014,38875.0,43200,CUB
1087,Curaçao,2014,0.0,0,CUW
1088,Dinamarca,2014,3240.0,16871,DNK
1089,El Salvador,2014,0.0,0,SLV
1090,Emirados Árabes,2014,640.0,3381,ARE
1091,Equador,2014,0.0,0,ECU
1092,Eslováquia,2014,0.0,0,SVK
1093,Espanha,2014,0.0,0,ESP
1094,Estados Unidos,2014,222267.0,494216,USA
1095,Estônia,2014,0.0,0,EST
1096,Filipinas,2014,0.0,0,PHL
1097,Finlândia,2014,12960.0,94962,FIN
1098,França,2014,33755.0,167807,FRA
1099,Gana,2014,0.0,0,GHA
1100,Gibraltar,2014,0.0,0,GIB
1101,Grécia,2014,0.0,0,GRC
1102,Guatemala,2014,0.0,0,GTM
1103,Guiana,2014,0.0,0,GUY
1104,Guiné Equatorial,2014,5646.0,11983,GNQ
1105,Guiné-Bissau,2014,0.0,0,GNB
1106,Haiti,2014,0.0,0,HTI
1107,Holanda,2014,169744.0,780936,NLD
1108,Honduras,2014,0.0,0,HND
1109,Hong Kong,2014,18130.0,63534,HKG
1110,Hungria,2014,0.0,0,HUN
1111,Ilha de Man,2014,0.0,0,IMN
1112,Ilhas Cayman,2014,0.0,0,CYM
1113,Ilhas Marshall,2014,0.0,0,MHL
1114,Ilhas Virgens Americanas,2014,0.0,0,VIR
1115,Iraque,2014,0.0,0,IRQ
1116,Irlanda,2014,0.0,0,IRL
1117,Itália,2014,604.0,2492,ITA
1118,Jamaica,2014,0.0,0,JAM
1119,Japão,2014,106426.0,401774,JPN
1120,Jordânia,2014,0.0,0,JOR
1121,Letônia,2014,0.0,0,LVA
1122,Libéria,2014,0.0,0,LBR
1123,Luxemburgo,2014,8281.0,52400,LUX
1124,Líbano,2014,0.0,0,LBN
1125,Malta,2014,0.0,0,MLT
1126,Malásia,2014,0.0,0,MYS
1127,Montenegro,2014,0.0,0,MNE
1128,México,2014,1521.0,24336,MEX
1129,Namíbia,2014,0.0,0,NAM
1130,Nicarágua,2014,0.0,0,NIC
1131,Nigéria,2014,0.0,0,NGA
1132,Noruega,2014,7179.0,50464,NOR
1133,Nova Zelândia,2014,2800.0,13675,NZL
1134,Panamá,2014,0.0,0,PAN
1135,Paraguai,2014,521847.0,908028,PRY
1136,Peru,2014,0.0,0,PER
1137,Polônia,2014,30181.0,107957,POL
1138,Porto Rico,2014,0.0,0,PRI
1139,Portugal,2014,71544.0,79141,PRT
1140,Qatar,2014,0.0,0,QAT
1141,Quênia,2014,0.0,0,KEN
1142,Reino Unido,2014,305807.0,1373747,GBR
1143,República Dominicana,2014,0.0,0,DOM
1144,República Tchéquia,2014,4500.0,35005,CZE
1145,Rússia,2014,190656.0,61440,RUS
1146,Senegal,2014,0.0,0,SEN
1147,Serra Leoa,2014,0.0,0,SLE
1148,Singapura,2014,541.0,3887,SGP
1149,Suriname,2014,6.0,19,SUR
1150,Suécia,2014,10404.0,51057,SWE
1151,Suíça,2014,27933.0,231762,CHE
1152,São Tomé e Príncipe,2014,0.0,0,STP
1153,Tailândia,2014,0.0,0,THA
1154,Taiwan,2014,12519.0,67907,TWN
1155,Tanzânia,2014,0.0,0,TZA
1156,Togo,2014,0.0,0,TGO
1157,Trinidade e Tobago,2014,360.0,1600,TTO
1158,Tunísia,2014,0.0,0,TUN
1159,Turquia,2014,0.0,0,TUR
1160,Uruguai,2014,0.0,0,URY
1161,Venezuela,2014,14.0,232,VEN
1162,Vietnã,2014,0.0,0,VNM
1163,África do Sul,2014,0.0,0,ZAF
1164,Áustria,2014,0.0,0,AUT
1165,Índia,2014,0.0,0,IND
1166,Alemanha,2015,10680.0,44780,DEU
1167,Angola,2015,1908.0,17089,AGO
1168,Anguilla,2015,0.0,0,AIA
1169,Antígua e Barbuda,2015,0.0,0,ATG
1170,Argentina,2015,0.0,0,ARG
1171,Aruba,2015,0.0,0,ABW
1172,Austrália,2015,7437.0,48011,AUS
1173,Bahamas,2015,0.0,0,BHS
1174,Bahrein,2015,0.0,0,BHR
1175,Barbados,2015,0.0,0,BRB
1176,Belize,2015,0.0,0,BLZ
1177,Benin,2015,0.0,0,BEN
1178,Bolívia,2015,10674.0,12990,BOL
1179,Bulgária,2015,0.0,0,BGR
1180,Bélgica,2015,4473.0,26399,BEL
1181,Cabo Verde,2015,0.0,0,CPV
1182,Camarões,2015,0.0,0,CMR
1183,Canadá,2015,24547.0,118394,CAN
1184,Chile,2015,0.0,0,CHL
1185,China,2015,47609.0,222866,CHN
1186,Chipre,2015,0.0,0,CYP
1187,Colômbia,2015,0.0,0,COL
1188,Congo,2015,0.0,0,COG
1189,Coreia do Sul,2015,0.0,0,KOR
1190,Costa Rica,2015,0.0,0,CRI
1191,Costa do Marfim,2015,0.0,0,CIV
1192,Cuba,2015,97965.0,108864,CUB
1193,Curaçao,2015,0.0,0,CUW
1194,Dinamarca,2015,7080.0,29306,DNK
1195,El Salvador,2015,0.0,0,SLV
1196,Emirados Árabes,2015,765.0,3740,ARE
1197,Equador,2015,0.0,0,ECU
1198,Eslováquia,2015,0.0,0,SVK
1199,Espanha,2015,0.0,0,ESP
1200,Estados Unidos,2015,195896.0,524109,USA
1201,Estônia,2015,0.0,0,EST
1202,Filipinas,2015,0.0,0,PHL
1203,Finlândia,2015,0.0,0,FIN
1204,França,2015,1596.0,4749,FRA
1205,Gana,2015,0.0,0,GHA
1206,Gibraltar,2015,0.0,0,GIB
1207,Grécia,2015,0.0,0,GRC
1208,Guatemala,2015,0.0,0,GTM
1209,Guiana,2015,0.0,0,GUY
1210,Guiné Equatorial,2015,0.0,0,GNQ
1211,Guiné-Bissau,2015,0.0,0,GNB
1212,Haiti,2015,0.0,0,HTI
1213,Holanda,2015,51647.0,197009,NLD
1214,Honduras,2015,0.0,0,HND
1215,Hong Kong,2015,1229.0,7837,HKG
1216,Hungria,2015,0.0,0,HUN
1217,Ilha de Man,2015,0.0,0,IMN
1218,Ilhas Cayman,2015,0.0,0,CYM
1219,Ilhas Marshall,2015,0.0,0,MHL
1220,Ilhas Virgens Americanas,2015,0.0,0,VIR
1221,Iraque,2015,0.0,0,IRQ
1222,Irlanda,2015,0.0,0,IRL
1223,Itália,2015,0.0,0,ITA
1224,Jamaica,2015,0.0,0,JAM
1225,Japão,2015,31597.0,87853,JPN
1226,Jordânia,2015,0.0,0,JOR
1227,Letônia,2015,0.0,0,LVA
1228,Libéria,2015,0.0,0,LBR
1229,Luxemburgo,2015,2295.0,17358,LUX
1230,Líbano,2015,0.0,0,LBN
1231,Malta,2015,0.0,0,MLT
1232,Malásia,2015,0.0,0,MYS
1233,Montenegro,2015,0.0,0,MNE
1234,México,2015,0.0,0,MEX
1235,Namíbia,2015,0.0,0,NAM
1236,Nicarágua,2015,0.0,0,NIC
1237,Nigéria,2015,0.0,0,NGA
1238,Noruega,2015,1058.0,6021,NOR
1239,Nova Zelândia,2015,809.0,3476,NZL
1240,Panamá,2015,0.0,0,PAN
1241,Paraguai,2015,495428.0,741370,PRY
1242,Peru,2015,0.0,0,PER
1243,Polônia,2015,11654.0,42781,POL
1244,Porto Rico,2015,0.0,0,PRI
1245,Portugal,2015,47736.0,42586,PRT
1246,Qatar,2015,0.0,0,QAT
1247,Quênia,2015,0.0,0,KEN
1248,Reino Unido,2015,68382.0,308407,GBR
1249,República Dominicana,2015,0.0,0,DOM
1250,República Tchéquia,2015,2297.0,15304,CZE
1251,Rússia,2015,47664.0,18240,RUS
1252,Senegal,2015,0.0,0,SEN
1253,Serra Leoa,2015,0.0,0,SLE
1254,Singapura,2015,1116.0,2774,SGP
1255,Suriname,2015,453.0,713,SUR
1256,Suécia,2015,1412.0,6404,SWE
1257,Suíça,2015,15872.0,85790,CHE
1258,São Tomé e Príncipe,2015,0.0,0,STP
1259,Tailândia,2015,0.0,0,THA
1260,Taiwan,2015,7200.0,23940,TWN
1261,Tanzânia,2015,0.0,0,TZA
1262,Togo,2015,0.0,0,TGO
1263,Trinidade e Tobago,2015,0.0,0,TTO
1264,Tunísia,2015,0.0,0,TUN
1265,Turquia,2015,0.0,0,TUR
1266,Uruguai,2015,0.0,0,URY
1267,Venezuela,2015,0.0,0,VEN
1268,Vietnã,2015,0.0,0,VNM
1269,África do Sul,2015,0.0,0,ZAF
1270,Áustria,2015,0.0,0,AUT
1271,Índia,2015,0.0,0,IND
1272,Alemanha,2016,14012.0,68109,DEU
1273,Angola,2016,7359.0,35390,AGO
1274,Anguilla,2016,0.0,0,AIA
1275,Antígua e Barbuda,2016,0.0,0,ATG
1276,Argentina,2016,0.0,0,ARG
1277,Aruba,2016,0.0,0,ABW
1278,Austrália,2016,1954.0,13799,AUS
1279,Bahamas,2016,0.0,0,BHS
1280,Bahrein,2016,0.0,0,BHR
1281,Barbados,2016,0.0,0,BRB
1282,Belize,2016,0.0,0,BLZ
1283,Benin,2016,5040.0,20333,BEN
1284,Bolívia,2016,13586.0,16902,BOL
1285,Bulgária,2016,0.0,0,BGR
1286,Bélgica,2016,7200.0,46534,BEL
1287,Cabo Verde,2016,0.0,0,CPV
1288,Camarões,2016,0.0,0,CMR
1289,Canadá,2016,13711.0,71096,CAN
1290,Chile,2016,0.0,0,CHL
1291,China,2016,134106.0,499622,CHN
1292,Chipre,2016,0.0,0,CYP
1293,Colômbia,2016,0.0,0,COL
1294,Congo,2016,0.0,0,COG
1295,Coreia do Sul,2016,8.0,20,KOR
1296,Costa Rica,2016,0.0,0,CRI
1297,Costa do Marfim,2016,0.0,0,CIV
1298,Cuba,2016,63741.0,69830,CUB
1299,Curaçao,2016,0.0,0,CUW
1300,Dinamarca,2016,1278.0,8171,DNK
1301,El Salvador,2016,0.0,0,SLV
1302,Emirados Árabes,2016,585.0,2760,ARE
1303,Equador,2016,0.0,0,ECU
1304,Eslováquia,2016,0.0,0,SVK
1305,Espanha,2016,0.0,0,ESP
1306,Estados Unidos,2016,258072.0,687411,USA
1307,Estônia,2016,900.0,4800,EST
1308,Filipinas,2016,0.0,0,PHL
1309,Finlândia,2016,7617.0,41003,FIN
1310,França,2016,6037.0,30055,FRA
1311,Gana,2016,0.0,0,GHA
1312,Gibraltar,2016,0.0,0,GIB
1313,Grécia,2016,0.0,0,GRC
1314,Guatemala,2016,0.0,0,GTM
1315,Guiana,2016,0.0,0,GUY
1316,Guiné Equatorial,2016,0.0,0,GNQ
1317,Guiné-Bissau,2016,0.0,0,GNB
1318,Haiti,2016,0.0,0,HTI
1319,Holanda,2016,59594.0,216653,NLD
1320,Honduras,2016,0.0,0,HND
1321,Hong Kong,2016,6975.0,86199,HKG
1322,Hungria,2016,0.0,0,HUN
1323,Ilha de Man,2016,0.0,0,IMN
1324,Ilhas Cayman,2016,0.0,0,CYM
1325,Ilhas Marshall,2016,0.0,0,MHL
1326,Ilhas Virgens Americanas,2016,0.0,0,VIR
1327,Iraque,2016,0.0,0,IRQ
1328,Irlanda,2016,0.0,0,IRL
1329,Itália,2016,585.0,3465,ITA
1330,Jamaica,2016,0.0,0,JAM
1331,Japão,2016,34341.0,90954,JPN
1332,Jordânia,2016,0.0,0,JOR
1333,Letônia,2016,0.0,0,LVA
1334,Libéria,2016,0.0,0,LBR
1335,Luxemburgo,2016,2759.0,21426,LUX
1336,Líbano,2016,0.0,0,LBN
1337,Malta,2016,0.0,0,MLT
1338,Malásia,2016,0.0,0,MYS
1339,Montenegro,2016,0.0,0,MNE
1340,México,2016,0.0,0,MEX
1341,Namíbia,2016,0.0,0,NAM
1342,Nicarágua,2016,0.0,0,NIC
1343,Nigéria,2016,0.0,0,NGA
1344,Noruega,2016,0.0,0,NOR
1345,Nova Zelândia,2016,504.0,9472,NZL
1346,Panamá,2016,0.0,0,PAN
1347,Paraguai,2016,985739.0,1655417,PRY
1348,Peru,2016,0.0,0,PER
1349,Polônia,2016,11457.0,35402,POL
1350,Porto Rico,2016,0.0,0,PRI
1351,Portugal,2016,0.0,0,PRT
1352,Qatar,2016,0.0,0,QAT
1353,Quênia,2016,0.0,0,KEN
1354,Reino Unido,2016,117044.0,536681,GBR
1355,República Dominicana,2016,0.0,0,DOM
1356,República Tchéquia,2016,3837.0,28473,CZE
1357,Rússia,2016,0.0,0,RUS
1358,Senegal,2016,0.0,0,SEN
1359,Serra Leoa,2016,0.0,0,SLE
1360,Singapura,2016,5445.0,13199,SGP
1361,Suriname,2016,900.0,1375,SUR
1362,Suécia,2016,291.0,1214,SWE
1363,Suíça,2016,4230.0,33340,CHE
1364,São Tomé e Príncipe,2016,0.0,0,STP
1365,Tailândia,2016,0.0,0,THA
1366,Taiwan,2016,16967.0,80379,TWN
1367,Tanzânia,2016,0.0,0,TZA
1368,Togo,2016,0.0,0,TGO
1369,Trinidade e Tobago,2016,0.0,0,TTO
1370,Tunísia,2016,0.0,0,TUN
1371,Turquia,2016,0.0,0,TUR
1372,Uruguai,2016,0.0,0,URY
1373,Venezuela,2016,0.0,0,VEN
1374,Vietnã,2016,0.0,0,VNM
1375,África do Sul,2016,0.0,0,ZAF
1376,Áustria,2016,675.0,5220,AUT
1377,Índia,2016,0.0,0,IND
1378,Alemanha,2017,15467.0,87702,DEU
1379,Angola,2017,10170.0,61680,AGO
1380,Anguilla,2017,0.0,0,AIA
1381,Antígua e Barbuda,2017,0.0,0,ATG
1382,Argentina,2017,0.0,0,ARG
1383,Aruba,2017,0.0,0,ABW
1384,Austrália,2017,1350.0,7500,AUS
1385,Bahamas,2017,0.0,0,BHS
1386,Bahrein,2017,0.0,0,BHR
1387,Barbados,2017,0.0,0,BRB
1388,Belize,2017,0.0,0,BLZ
1389,Benin,2017,0.0,0,BEN
1390,Bolívia,2017,9495.0,23085,BOL
1391,Bulgária,2017,117.0,1579,BGR
1392,Bélgica,2017,2790.0,16405,BEL
1393,Cabo Verde,2017,0.0,0,CPV
1394,Camarões,2017,1749.0,7476,CMR
1395,Canadá,2017,6075.0,30658,CAN
1396,Chile,2017,0.0,0,CHL
1397,China,2017,67594.0,266086,CHN
1398,Chipre,2017,0.0,0,CYP
1399,Colômbia,2017,0.0,0,COL
1400,Congo,2017,0.0,0,COG
1401,Coreia do Sul,2017,0.0,0,KOR
1402,Costa Rica,2017,0.0,0,CRI
1403,Costa do Marfim,2017,0.0,0,CIV
1404,Cuba,2017,62791.0,72229,CUB
1405,Curaçao,2017,12340.0,23011,CUW
1406,Dinamarca,2017,581.0,2829,DNK
1407,El Salvador,2017,0.0,0,SLV
1408,Emirados Árabes,2017,675.0,3302,ARE
1409,Equador,2017,0.0,0,ECU
1410,Eslováquia,2017,0.0,0,SVK
1411,Espanha,2017,0.0,0,ESP
1412,Estados Unidos,2017,132688.0,1523699,USA
1413,Estônia,2017,0.0,0,EST
1414,Filipinas,2017,0.0,0,PHL
1415,Finlândia,2017,0.0,0,FIN
1416,França,2017,4253.0,21654,FRA
1417,Gana,2017,0.0,0,GHA
1418,Gibraltar,2017,0.0,0,GIB
1419,Grécia,2017,0.0,0,GRC
1420,Guatemala,2017,0.0,0,GTM
1421,Guiana,2017,0.0,0,GUY
1422,Guiné Equatorial,2017,2639.0,30563,GNQ
1423,Guiné-Bissau,2017,48.0,90,GNB
1424,Haiti,2017,0.0,0,HTI
1425,Holanda,2017,5400.0,8550,NLD
1426,Honduras,2017,0.0,0,HND
1427,Hong Kong,2017,1934.0,8180,HKG
1428,Hungria,2017,0.0,0,HUN
1429,Ilha de Man,2017,0.0,0,IMN
1430,Ilhas Cayman,2017,0.0,0,CYM
1431,Ilhas Marshall,2017,0.0,0,MHL
1432,Ilhas Virgens Americanas,2017,0.0,0,VIR
1433,Iraque,2017,0.0,0,IRQ
1434,Irlanda,2017,0.0,0,IRL
1435,Itália,2017,468.0,2248,ITA
1436,Jamaica,2017,0.0,0,JAM
1437,Japão,2017,33909.0,92886,JPN
1438,Jordânia,2017,0.0,0,JOR
1439,Letônia,2017,387.0,3723,LVA
1440,Libéria,2017,0.0,0,LBR
1441,Luxemburgo,2017,2719.0,21947,LUX
1442,Líbano,2017,0.0,0,LBN
1443,Malta,2017,0.0,0,MLT
1444,Malásia,2017,0.0,0,MYS
1445,Montenegro,2017,0.0,0,MNE
1446,México,2017,664.0,2292,MEX
1447,Namíbia,2017,0.0,0,NAM
1448,Nicarágua,2017,0.0,0,NIC
1449,Nigéria,2017,0.0,0,NGA
1450,Noruega,2017,0.0,0,NOR
1451,Nova Zelândia,2017,1678.0,8140,NZL
1452,Panamá,2017,0.0,0,PAN
1453,Paraguai,2017,2393468.0,4274650,PRY
1454,Peru,2017,0.0,0,PER
1455,Polônia,2017,0.0,0,POL
1456,Porto Rico,2017,0.0,0,PRI
1457,Portugal,2017,0.0,0,PRT
1458,Qatar,2017,13338.0,81606,QAT
1459,Quênia,2017,0.0,0,KEN
1460,Reino Unido,2017,60711.0,242883,GBR
1461,República Dominicana,2017,0.0,0,DOM
1462,República Tchéquia,2017,2746.0,16947,CZE
1463,Rússia,2017,0.0,0,RUS
1464,Senegal,2017,0.0,0,SEN
1465,Serra Leoa,2017,0.0,0,SLE
1466,Singapura,2017,0.0,0,SGP
1467,Suriname,2017,3690.0,5638,SUR
1468,Suécia,2017,15445.0,64953,SWE
1469,Suíça,2017,6525.0,74816,CHE
1470,São Tomé e Príncipe,2017,0.0,0,STP
1471,Tailândia,2017,0.0,0,THA
1472,Taiwan,2017,14988.0,43954,TWN
1473,Tanzânia,2017,0.0,0,TZA
1474,Togo,2017,0.0,0,TGO
1475,Trinidade e Tobago,2017,0.0,0,TTO
1476,Tunísia,2017,0.0,0,TUN
1477,Turquia,2017,0.0,0,TUR
1478,Uruguai,2017,0.0,0,URY
1479,Venezuela,2017,680.0,2646,VEN
1480,Vietnã,2017,0.0,0,VNM
1481,África do Sul,2017,0.0,0,ZAF
1482,Áustria,2017,0.0,0,AUT
1483,Índia,2017,0.0,0,IND
1484,Alemanha,2018,10794.0,45382,DEU
1485,Angola,2018,477.0,709,AGO
1486,Anguilla,2018,0.0,0,AIA
1487,Antígua e Barbuda,2018,37.0,191,ATG
1488,Argentina,2018,15711.0,59150,ARG
1489,Aruba,2018,0.0,0,ABW
1490,Austrália,2018,2055.0,6902,AUS
1491,Bahamas,2018,141.0,634,BHS
1492,Bahrein,2018,0.0,0,BHR
1493,Barbados,2018,0.0,0,BRB
1494,Belize,2018,0.0,0,BLZ
1495,Benin,2018,0.0,0,BEN
1496,Bolívia,2018,21566.0,57424,BOL
1497,Bulgária,2018,0.0,0,BGR
1498,Bélgica,2018,7497.0,52799,BEL
1499,Cabo Verde,2018,18.0,48,CPV
1500,Camarões,2018,0.0,0,CMR
1501,Canadá,2018,5308.0,20414,CAN
1502,Chile,2018,11049.0,42832,CHL
1503,China,2018,30835.0,126336,CHN
1504,Chipre,2018,279.0,480,CYP
1505,Colômbia,2018,6944.0,26273,COL
1506,Congo,2018,0.0,0,COG
1507,Coreia do Sul,2018,120.0,109,KOR
1508,Costa Rica,2018,0.0,0,CRI
1509,Costa do Marfim,2018,0.0,0,CIV
1510,Cuba,2018,4776.0,5584,CUB
1511,Curaçao,2018,23930.0,43676,CUW
1512,Dinamarca,2018,0.0,0,DNK
1513,El Salvador,2018,0.0,0,SLV
1514,Emirados Árabes,2018,360.0,1762,ARE
1515,Equador,2018,0.0,0,ECU
1516,Eslováquia,2018,0.0,0,SVK
1517,Espanha,2018,6123.0,22631,ESP
1518,Estados Unidos,2018,169109.0,512519,USA
1519,Estônia,2018,0.0,0,EST
1520,Filipinas,2018,9608.0,16205,PHL
1521,Finlândia,2018,0.0,0,FIN
1522,França,2018,11077.0,48677,FRA
1523,Gana,2018,9000.0,13502,GHA
1524,Gibraltar,2018,0.0,0,GIB
1525,Grécia,2018,232.0,730,GRC
1526,Guatemala,2018,0.0,0,GTM
1527,Guiana,2018,0.0,0,GUY
1528,Guiné Equatorial,2018,8389.0,26808,GNQ
1529,Guiné-Bissau,2018,0.0,0,GNB
1530,Haiti,2018,79500.0,144425,HTI
1531,Holanda,2018,9451.0,32395,NLD
1532,Honduras,2018,0.0,0,HND
1533,Hong Kong,2018,1742.0,9029,HKG
1534,Hungria,2018,0.0,0,HUN
1535,Ilha de Man,2018,0.0,0,IMN
1536,Ilhas Cayman,2018,19.0,203,CYM
1537,Ilhas Marshall,2018,923.0,2436,MHL
1538,Ilhas Virgens Americanas,2018,0.0,0,VIR
1539,Iraque,2018,0.0,0,IRQ
1540,Irlanda,2018,7560.0,25767,IRL
1541,Itália,2018,3661.0,13260,ITA
1542,Jamaica,2018,0.0,0,JAM
1543,Japão,2018,36992.0,112342,JPN
1544,Jordânia,2018,0.0,0,JOR
1545,Letônia,2018,0.0,0,LVA
1546,Libéria,2018,658.0,3100,LBR
1547,Luxemburgo,2018,1778.0,11053,LUX
1548,Líbano,2018,0.0,0,LBN
1549,Malta,2018,503.0,1192,MLT
1550,Malásia,2018,15.0,33,MYS
1551,Montenegro,2018,0.0,0,MNE
1552,México,2018,2748.0,9744,MEX
1553,Namíbia,2018,0.0,0,NAM
1554,Nicarágua,2018,0.0,0,NIC
1555,Nigéria,2018,5175.0,6250,NGA
1556,Noruega,2018,1295.0,9847,NOR
1557,Nova Zelândia,2018,969.0,5565,NZL
1558,Panamá,2018,1183.0,3117,PAN
1559,Paraguai,2018,3234168.0,5494321,PRY
1560,Peru,2018,5193.0,19372,PER
1561,Polônia,2018,720.0,4679,POL
1562,Porto Rico,2018,0.0,0,PRI
1563,Portugal,2018,0.0,0,PRT
1564,Qatar,2018,0.0,0,QAT
1565,Quênia,2018,6771.0,31225,KEN
1566,Reino Unido,2018,67708.0,296827,GBR
1567,República Dominicana,2018,0.0,0,DOM
1568,República Tchéquia,2018,2712.0,20980,CZE
1569,Rússia,2018,0.0,0,RUS
1570,Senegal,2018,0.0,0,SEN
1571,Serra Leoa,2018,0.0,0,SLE
1572,Singapura,2018,3298.0,11616,SGP
1573,Suriname,2018,0.0,0,SUR
1574,Suécia,2018,8062.0,34563,SWE
1575,Suíça,2018,0.0,0,CHE
1576,São Tomé e Príncipe,2018,2184.0,2357,STP
1577,Tailândia,2018,8.0,45,THA
1578,Taiwan,2018,7589.0,18421,TWN
1579,Tanzânia,2018,0.0,0,TZA
1580,Togo,2018,0.0,0,TGO
1581,Trinidade e Tobago,2018,0.0,0,TTO
1582,Tunísia,2018,0.0,0,TUN
1583,Turquia,2018,360.0,150,TUR
1584,Uruguai,2018,7711.0,29617,URY
1585,Venezuela,2018,71.0,355,VEN
1586,Vietnã,2018,0.0,0,VNM
1587,África do Sul,2018,0.0,0,ZAF
1588,Áustria,2018,0.0,0,AUT
1589,Índia,2018,0.0,0,IND
1590,Alemanha,2019,3660.0,25467,DEU
1591,Angola,2019,345.0,1065,AGO
1592,Anguilla,2019,0.0,0,AIA
1593,Antígua e Barbuda,2019,219.0,1549,ATG
1594,Argentina,2019,0.0,0,ARG
1595,Aruba,2019,0.0,0,ABW
1596,Austrália,2019,1161.0,4682,AUS
1597,Bahamas,2019,791.0,3124,BHS
1598,Bahrein,2019,482.0,2144,BHR
1599,Barbados,2019,36.0,394,BRB
1600,Belize,2019,9.0,29,BLZ
1601,Benin,2019,9.0,9,BEN
1602,Bolívia,2019,0.0,0,BOL
1603,Bulgária,2019,0.0,0,BGR
1604,Bélgica,2019,2498.0,12548,BEL
1605,Cabo Verde,2019,0.0,0,CPV
1606,Camarões,2019,0.0,0,CMR
1607,Canadá,2019,1589.0,6933,CAN
1608,Chile,2019,0.0,0,CHL
1609,China,2019,129852.0,376828,CHN
1610,Chipre,2019,672.0,1843,CYP
1611,Colômbia,2019,897.0,1999,COL
1612,Congo,2019,0.0,0,COG
1613,Coreia do Sul,2019,70.0,194,KOR
1614,Costa Rica,2019,0.0,0,CRI
1615,Costa do Marfim,2019,0.0,0,CIV
1616,Cuba,2019,0.0,0,CUB
1617,Curaçao,2019,33951.0,62067,CUW
1618,Dinamarca,2019,240.0,306,DNK
1619,El Salvador,2019,0.0,0,SLV
1620,Emirados Árabes,2019,450.0,2202,ARE
1621,Equador,2019,2.0,3,ECU
1622,Eslováquia,2019,0.0,0,SVK
1623,Espanha,2019,3540.0,1353,ESP
1624,Estados Unidos,2019,209765.0,616274,USA
1625,Estônia,2019,0.0,0,EST
1626,Filipinas,2019,736.0,2486,PHL
1627,Finlândia,2019,0.0,0,FIN
1628,França,2019,18286.0,67072,FRA
1629,Gana,2019,7673.0,10010,GHA
1630,Gibraltar,2019,23.0,93,GIB
1631,Grécia,2019,561.0,1994,GRC
1632,Guatemala,2019,1597.0,8719,GTM
1633,Guiana,2019,424.0,1311,GUY
1634,Guiné Equatorial,2019,0.0,0,GNQ
1635,Guiné-Bissau,2019,0.0,0,GNB
1636,Haiti,2019,81873.0,129803,HTI
1637,Holanda,2019,44882.0,148031,NLD
1638,Honduras,2019,0.0,0,HND
1639,Hong Kong,2019,9651.0,42020,HKG
1640,Hungria,2019,0.0,0,HUN
1641,Ilha de Man,2019,28.0,175,IMN
1642,Ilhas Cayman,2019,19.0,106,CYM
1643,Ilhas Marshall,2019,7276.0,15786,MHL
1644,Ilhas Virgens Americanas,2019,0.0,0,VIR
1645,Iraque,2019,0.0,0,IRQ
1646,Irlanda,2019,0.0,0,IRL
1647,Itália,2019,587.0,1625,ITA
1648,Jamaica,2019,0.0,0,JAM
1649,Japão,2019,40621.0,99642,JPN
1650,Jordânia,2019,0.0,0,JOR
1651,Letônia,2019,0.0,0,LVA
1652,Libéria,2019,4.441,20068,LBR
1653,Luxemburgo,2019,1666.0,11211,LUX
1654,Líbano,2019,0.0,0,LBN
1655,Malta,2019,3661.0,8828,MLT
1656,Malásia,2019,48.0,110,MYS
1657,Montenegro,2019,9.0,46,MNE
1658,México,2019,4.0,4,MEX
1659,Namíbia,2019,0.0,0,NAM
1660,Nicarágua,2019,0.0,0,NIC
1661,Nigéria,2019,28437.0,38555,NGA
1662,Noruega,2019,628.0,3139,NOR
1663,Nova Zelândia,2019,500.0,2832,NZL
1664,Panamá,2019,7918.0,29017,PAN
1665,Paraguai,2019,2419537.0,3826587,PRY
1666,Peru,2019,9755.0,17310,PER
1667,Polônia,2019,5.0,11,POL
1668,Porto Rico,2019,0.0,0,PRI
1669,Portugal,2019,18328.0,72413,PRT
1670,Qatar,2019,0.0,0,QAT
1671,Quênia,2019,0.0,0,KEN
1672,Reino Unido,2019,34295.0,164592,GBR
1673,República Dominicana,2019,0.0,0,DOM
1674,República Tchéquia,2019,2115.0,16391,CZE
1675,Rússia,2019,0.0,0,RUS
1676,Senegal,2019,0.0,0,SEN
1677,Serra Leoa,2019,18.0,717,SLE
1678,Singapura,2019,5044.0,19099,SGP
1679,Suriname,2019,3206.0,4741,SUR
1680,Suécia,2019,28.0,761,SWE
1681,Suíça,2019,2223.0,28503,CHE
1682,São Tomé e Príncipe,2019,0.0,0,STP
1683,Tailândia,2019,128.0,832,THA
1684,Taiwan,2019,12.0,67,TWN
1685,Tanzânia,2019,0.0,0,TZA
1686,Togo,2019,0.0,0,TGO
1687,Trinidade e Tobago,2019,0.0,0,TTO
1688,Tunísia,2019,0.0,0,TUN
1689,Turquia,2019,115.0,209,TUR
1690,Uruguai,2019,6180.0,18497,URY
1691,Venezuela,2019,0.0,0,VEN
1692,Vietnã,2019,20.0,32,VNM
1693,África do Sul,2019,26.0,95,ZAF
1694,Áustria,2019,0.0,0,AUT
1695,Índia,2019,51.0,273,IND
